,fedAvgFlag,clientID,client_lr,client_mom,batch_size,server_lr,server_mom,loss,accuracy
0,1,-1,0.01,0.01,8,0.5,0.6,-1,0.86141175
1,1,-1,0.01,0.01,8,0.5,0.3,-1,0.8608616
2,1,-1,0.01,0.01,16,0.5,0.6,-1,0.85917664
3,1,-1,0.01,0.01,8,0.3,0.6,-1,0.85882413
4,1,-1,0.01,0.01,8,0.5,0.0,-1,0.85851467
5,1,-1,0.01,0.01,8,0.3,0.3,-1,0.8573369
6,1,-1,0.01,0.01,16,0.3,0.6,-1,0.85566914
7,1,-1,0.01,0.01,16,0.5,0.3,-1,0.85504156
8,1,-1,0.01,0.01,8,0.3,0.0,-1,0.85499
9,1,-1,0.01,0.01,32,0.5,0.6,-1,0.854457
10,1,-1,0.01,0.01,8,0.3,0.9,-1,0.85422486
11,1,-1,0.01,0.01,16,0.5,0.9,-1,0.85265166
12,1,-1,0.01,0.01,8,0.1,0.6,-1,0.8509581
13,1,-1,0.01,0.01,16,0.3,0.3,-1,0.84976315
14,1,-1,0.01,0.01,32,0.5,0.9,-1,0.849703
15,1,-1,0.01,0.01,16,0.5,0.0,-1,0.84921294
16,1,-1,0.01,0.01,32,0.5,0.3,-1,0.84897226
17,1,-1,0.01,0.01,16,0.3,0.9,-1,0.8479063
18,1,-1,0.01,0.01,32,0.3,0.6,-1,0.84693485
19,1,-1,0.01,0.01,16,0.3,0.0,-1,0.8456453
20,1,-1,0.01,0.01,8,0.1,0.9,-1,0.84562814
21,1,-1,0.01,0.01,32,0.5,0.0,-1,0.84471685
22,1,-1,0.01,0.01,8,0.1,0.3,-1,0.84294593
23,1,-1,0.01,0.01,8,0.5,0.9,-1,0.8403325
24,1,-1,0.01,0.01,32,0.3,0.9,-1,0.8398597
25,1,-1,0.01,0.01,16,0.1,0.6,-1,0.83916336
26,1,-1,0.01,0.01,8,0.05,0.6,-1,0.8391548
27,1,-1,0.01,0.01,8,0.1,0.0,-1,0.8379426
28,1,-1,0.01,0.01,16,0.1,0.9,-1,0.83788246
29,1,-1,0.01,0.01,8,0.03,0.9,-1,0.8362233
30,1,-1,0.01,0.01,8,0.05,0.9,-1,0.8352776
31,1,-1,0.01,0.01,32,0.3,0.3,-1,0.8327846
32,1,-1,0.01,0.01,8,0.05,0.3,-1,0.82761794
33,1,-1,0.01,0.01,16,0.1,0.3,-1,0.82736003
34,1,-1,0.01,0.01,8,0.03,0.6,-1,0.82618225
35,1,-1,0.01,0.01,32,0.3,0.0,-1,0.819494
36,1,-1,0.01,0.01,16,0.03,0.9,-1,0.815849
37,1,-1,0.01,0.01,8,0.01,0.9,-1,0.8129433
38,1,-1,0.01,0.01,8,0.05,0.0,-1,0.81216097
39,1,-1,0.01,0.01,32,0.1,0.9,-1,0.8103471
40,1,-1,0.01,0.01,32,0.1,0.6,-1,0.809943
41,1,-1,0.01,0.01,16,0.05,0.6,-1,0.80901456
42,1,-1,0.01,0.01,16,0.1,0.0,-1,0.80570483
43,1,-1,0.01,0.01,16,0.05,0.9,-1,0.8054641
44,1,-1,0.01,0.01,8,0.03,0.3,-1,0.8018535
45,1,-1,0.01,0.01,16,0.05,0.3,-1,0.7932567
46,1,-1,0.01,0.01,16,0.03,0.6,-1,0.7916749
47,1,-1,0.01,0.01,32,0.1,0.3,-1,0.7894226
48,1,-1,0.01,0.01,16,0.01,0.9,-1,0.77680254
49,1,-1,0.01,0.01,32,0.05,0.6,-1,0.77617496
50,1,-1,0.01,0.01,32,0.1,0.0,-1,0.774
51,1,-1,0.01,0.01,16,0.05,0.0,-1,0.7733123
52,1,-1,0.01,0.01,8,0.03,0.0,-1,0.77142954
53,1,-1,0.01,0.01,32,0.05,0.9,-1,0.76830035
54,1,-1,0.01,0.01,16,0.03,0.3,-1,0.7623428
55,1,-1,0.01,0.01,32,0.05,0.3,-1,0.75324744
56,1,-1,0.01,0.01,32,0.03,0.6,-1,0.7485708
57,1,-1,0.01,0.01,32,0.03,0.9,-1,0.74421227
58,1,-1,0.01,0.01,8,0.01,0.6,-1,0.738014
59,1,-1,0.01,0.01,32,0.05,0.0,-1,0.72653735
60,1,-1,0.01,0.01,32,0.01,0.9,-1,0.7236488
61,1,-1,0.01,0.01,16,0.03,0.0,-1,0.7198662
62,1,-1,0.01,0.01,32,0.03,0.3,-1,0.7020538
63,1,-1,0.01,0.01,16,0.01,0.6,-1,0.67218864
64,1,-1,0.01,0.01,32,0.03,0.0,-1,0.64918375
65,1,-1,0.01,0.01,8,0.01,0.3,-1,0.59756887
66,1,-1,0.01,0.01,32,0.01,0.6,-1,0.59220445
67,1,-1,0.01,0.01,16,0.01,0.3,-1,0.45436415
68,1,-1,0.01,0.01,8,0.01,0.0,-1,0.4262012
69,1,-1,0.01,0.01,32,0.01,0.3,-1,0.36011794
70,1,-1,0.01,0.01,16,0.01,0.0,-1,0.3046431
71,1,-1,0.01,0.01,32,0.01,0.0,-1,0.21779013
72,0,1,0.5,0.95,32,0,0,0.003433413105085492,0.8564442992210388
73,0,1,0.3,0.95,16,0,0,0.003421440487727523,0.8580591082572937
74,0,1,0.5,0.95,16,0,0,0.003271720837801695,0.8645181655883789
75,0,1,0.5,0.9,32,0,0,0.0036665794905275106,0.8457322120666504
76,0,1,0.5,0.9,16,0,0,0.0034356797114014626,0.8570584058761597
77,0,1,0.3,0.9,16,0,0,0.003617435460910201,0.8472787737846375
78,0,1,0.1,0.95,16,0,0,0.003780707251280546,0.8419568538665771
79,0,1,0.3,0.95,32,0,0,0.0035428039263933897,0.8503491282463074
80,0,1,0.3,0.9,32,0,0,0.003850320354104042,0.8388864994049072
81,0,1,0.5,0.6,16,0,0,0.004081172868609428,0.826878011226654
82,0,1,0.07,0.95,16,0,0,0.004049635026603937,0.8325638771057129
83,0,1,0.09,0.95,16,0,0,0.003797456854954362,0.8401601314544678
84,0,1,0.05,0.95,16,0,0,0.0042858910746872425,0.8181673288345337
85,0,1,0.09,0.95,32,0,0,0.0043121143244206905,0.8182810544967651
86,0,1,0.07,0.95,32,0,0,0.0044484930112957954,0.8139826059341431
87,0,1,0.1,0.95,32,0,0,0.00425279326736927,0.8198503255844116
88,0,1,0.1,0.9,16,0,0,0.004325635731220245,0.8190543055534363
89,0,1,0.09,0.9,16,0,0,0.004362538922578096,0.8135731816291809
90,0,1,0.07,0.9,16,0,0,0.0045251124538481236,0.8096386194229126
91,0,1,0.3,0.6,16,0,0,0.004636977333575487,0.8009506464004517
92,0,1,0.5,0.3,16,0,0,0.005047157872468233,0.7843480706214905
93,0,1,0.03,0.95,16,0,0,0.004978281445801258,0.7881234288215637
94,0,1,0.1,0.9,32,0,0,0.0050394306890666485,0.7826650738716125
95,0,1,0.5,0.6,32,0,0,0.005024819169193506,0.7846664786338806
96,0,1,0.3,0.3,16,0,0,0.005170720629394054,0.7814596891403198
97,0,1,0.05,0.9,16,0,0,0.005153581500053406,0.7771839499473572
98,0,1,0.3,0.6,32,0,0,0.005523044615983963,0.7601264715194702
99,0,1,0.09,0.9,32,0,0,0.005348537117242813,0.7675862312316895
100,0,1,0.05,0.95,32,0,0,0.005605166312307119,0.7585799098014832
101,0,1,0.5,0.0,16,0,0,0.005316667724400759,0.7679501175880432
102,0,1,0.07,0.9,32,0,0,0.0058005452156066895,0.7465487122535706
103,0,1,0.5,0.3,32,0,0,0.005605051759630442,0.7532352209091187
104,0,1,0.03,0.95,32,0,0,0.0060168118216097355,0.7399758696556091
105,0,1,0.03,0.9,16,0,0,0.006016067694872618,0.7402942776679993
106,0,1,0.1,0.6,16,0,0,0.006025363225489855,0.7364961504936218
107,0,1,0.07,0.6,16,0,0,0.006382185500115156,0.7255339026451111
108,0,1,0.05,0.9,32,0,0,0.006397184915840626,0.7187791466712952
109,0,1,0.3,0.0,16,0,0,0.006247316021472216,0.7254201769828796
110,0,1,0.1,0.3,16,0,0,0.007320941425859928,0.6790010929107666
111,0,1,0.3,0.3,32,0,0,0.00677840830758214,0.6999931931495667
112,0,1,0.5,0.0,32,0,0,0.006935001350939274,0.6868475675582886
113,0,1,0.03,0.9,32,0,0,0.007450747769325972,0.6671518683433533
114,0,1,0.09,0.6,16,0,0,0.007437268737703562,0.6618071794509888
115,0,1,0.01,0.95,16,0,0,0.007593473419547081,0.6518001556396484
116,0,1,0.05,0.6,16,0,0,0.0077384947799146175,0.657758891582489
117,0,1,0.3,0.0,32,0,0,0.007295278832316399,0.6739066243171692
118,0,1,0.09,0.3,16,0,0,0.007677185349166393,0.6528690457344055
119,0,1,0.1,0.0,16,0,0,0.008374045602977276,0.6228251457214355
120,0,1,0.1,0.6,32,0,0,0.008656367659568787,0.5978530049324036
121,0,1,0.09,0.0,16,0,0,0.008688683621585369,0.6027883291244507
122,0,1,0.07,0.3,16,0,0,0.008873948827385902,0.5991266369819641
123,0,1,0.05,0.3,16,0,0,0.008951523341238499,0.5948508977890015
124,0,1,0.01,0.9,16,0,0,0.008978055790066719,0.5890968441963196
125,0,1,0.07,0.0,16,0,0,0.009202591143548489,0.5832063555717468
126,0,1,0.09,0.6,32,0,0,0.009426336735486984,0.5651481747627258
127,0,1,0.07,0.6,32,0,0,0.009739113040268421,0.5447701811790466
128,0,1,0.05,0.6,32,0,0,0.011037616059184074,0.4891628324985504
129,0,1,0.03,0.6,32,0,0,0.012705440632998943,0.3976438045501709
130,0,1,0.05,0.3,32,0,0,0.015844222158193588,0.10411880910396576
131,0,1,0.01,0.95,32,0,0,0.015832444652915,0.10432349890470505
132,0,1,0.03,0.3,32,0,0,0.015855122357606888,0.06684254854917526
133,0,1,0.01,0.0,16,0,0,0.015847984701395035,0.06224840134382248
134,0,1,0.1,0.0,32,0,0,0.01584695465862751,0.060383450239896774
135,0,1,0.05,0.0,32,0,0,0.015810711309313774,0.056380633264780045
136,0,1,0.1,0.3,32,0,0,0.01583632454276085,0.056426119059324265
137,0,1,0.03,0.6,16,0,0,0.015848955139517784,0.05669903755187988
138,0,1,0.05,0.0,16,0,0,0.0157780721783638,0.05035365745425224
139,0,1,0.01,0.6,16,0,0,0.015847695991396904,0.05283267796039581
140,0,1,0.07,0.0,32,0,0,0.01572674885392189,0.0504901185631752
141,0,1,0.03,0.3,16,0,0,0.01584792695939541,0.04937569797039032
142,0,1,0.01,0.9,32,0,0,0.015846794471144676,0.050194453448057175
143,0,1,0.09,0.3,32,0,0,0.0158001147210598,0.050012510269880295
144,0,1,0.09,0.0,32,0,0,0.015852399170398712,0.05028542876243591
145,0,1,0.01,0.3,16,0,0,0.015860410407185555,0.04011917486786842
146,0,1,0.07,0.3,32,0,0,0.015811767429113388,0.0354340560734272
147,0,1,0.01,0.3,32,0,0,0.01586652360856533,0.02171984873712063
148,0,1,0.01,0.0,32,0,0,0.01586628518998623,0.017034729942679405
149,0,1,0.03,0.0,32,0,0,0.01586727984249592,0.01519252173602581
150,0,1,0.01,0.6,32,0,0,0.015864161774516106,0.017535081133246422
151,0,1,0.03,0.0,16,0,0,0.015860965475440025,0.015624644234776497
152,0,2,0.3,0.95,16,0,0,0.0034626189153641462,0.8552389144897461
153,0,2,0.5,0.9,16,0,0,0.0035331996623426676,0.8548750281333923
154,0,2,0.5,0.95,16,0,0,0.003597969887778163,0.8490527272224426
155,0,2,0.5,0.95,32,0,0,0.0033864881843328476,0.8581272959709167
156,0,2,0.3,0.95,32,0,0,0.003597912145778537,0.8501444458961487
157,0,2,0.5,0.9,32,0,0,0.0035982371773570776,0.8520548343658447
158,0,2,0.09,0.95,16,0,0,0.003701247042044997,0.8462098240852356
159,0,2,0.3,0.9,16,0,0,0.003371001686900854,0.8594009280204773
160,0,2,0.1,0.95,16,0,0,0.0036519819404929876,0.84946209192276
161,0,2,0.5,0.6,16,0,0,0.00395533861592412,0.8342013955116272
162,0,2,0.3,0.9,32,0,0,0.003994010854512453,0.8338147401809692
163,0,2,0.05,0.95,16,0,0,0.004255027510225773,0.8211694359779358
164,0,2,0.07,0.95,16,0,0,0.003871403867378831,0.8348609209060669
165,0,2,0.1,0.9,16,0,0,0.004358409903943539,0.8166890144348145
166,0,2,0.5,0.3,16,0,0,0.004581615794450045,0.8081603050231934
167,0,2,0.07,0.9,16,0,0,0.004558527376502752,0.801678478717804
168,0,2,0.1,0.95,32,0,0,0.004509834572672844,0.8018603920936584
169,0,2,0.09,0.9,16,0,0,0.004491354804486036,0.8074097633361816
170,0,2,0.07,0.95,32,0,0,0.004812362603843212,0.7951965928077698
171,0,2,0.09,0.95,32,0,0,0.00455509964376688,0.8070231080055237
172,0,2,0.03,0.95,16,0,0,0.004921982064843178,0.7852350473403931
173,0,2,0.3,0.6,16,0,0,0.004721356090158224,0.7992221713066101
174,0,2,0.1,0.9,32,0,0,0.005005674436688423,0.7861220240592957
175,0,2,0.5,0.0,16,0,0,0.0051391529850661755,0.7826423048973083
176,0,2,0.09,0.9,32,0,0,0.005303151439875364,0.7676544785499573
177,0,2,0.05,0.9,16,0,0,0.005430574528872967,0.760945200920105
178,0,2,0.05,0.95,32,0,0,0.005269358400255442,0.7713388800621033
179,0,2,0.5,0.6,32,0,0,0.0053390320390462875,0.7649480104446411
180,0,2,0.5,0.3,32,0,0,0.005598117597401142,0.7580795288085938
181,0,2,0.07,0.9,32,0,0,0.0057354336604475975,0.753576397895813
182,0,2,0.03,0.95,32,0,0,0.006024143658578396,0.7437967658042908
183,0,2,0.3,0.3,16,0,0,0.005618439521640539,0.7576019763946533
184,0,2,0.3,0.6,32,0,0,0.005290520843118429,0.7758193016052246
185,0,2,0.3,0.0,16,0,0,0.005970512982457876,0.7399076819419861
186,0,2,0.03,0.9,16,0,0,0.005942809861153364,0.7389979362487793
187,0,2,0.01,0.95,16,0,0,0.006496211513876915,0.7176874876022339
188,0,2,0.09,0.6,16,0,0,0.006452797446399927,0.7108190059661865
189,0,2,0.05,0.9,32,0,0,0.00645397137850523,0.7136619091033936
190,0,2,0.3,0.3,32,0,0,0.00662301667034626,0.7055197954177856
191,0,2,0.07,0.6,16,0,0,0.006870467681437731,0.6932384371757507
192,0,2,0.5,0.0,32,0,0,0.00607184786349535,0.7339716553688049
193,0,2,0.03,0.9,32,0,0,0.0072525739669799805,0.6722918152809143
194,0,2,0.1,0.6,16,0,0,0.006836577318608761,0.6907366514205933
195,0,2,0.09,0.3,16,0,0,0.007438078988343477,0.6680616140365601
196,0,2,0.01,0.95,32,0,0,0.008045529015362263,0.6355614066123962
197,0,2,0.3,0.0,32,0,0,0.007476779632270336,0.6656962633132935
198,0,2,0.09,0.6,32,0,0,0.008245272561907768,0.6194364428520203
199,0,2,0.07,0.6,32,0,0,0.008334018290042877,0.6195728778839111
200,0,2,0.1,0.0,16,0,0,0.008842230774462223,0.5862539410591125
201,0,2,0.09,0.0,16,0,0,0.008489897474646568,0.6214605569839478
202,0,2,0.05,0.3,16,0,0,0.010385522618889809,0.5226637125015259
203,0,2,0.1,0.3,32,0,0,0.008631161414086819,0.6100206971168518
204,0,2,0.09,0.3,32,0,0,0.014995940029621124,0.20823761820793152
205,0,2,0.05,0.0,16,0,0,0.015842819586396217,0.11874274909496307
206,0,2,0.03,0.6,32,0,0,0.01584421843290329,0.105597123503685
207,0,2,0.1,0.6,32,0,0,0.015801334753632545,0.09609042853116989
208,0,2,0.03,0.3,16,0,0,0.015775609761476517,0.07964702695608139
209,0,2,0.1,0.0,32,0,0,0.015817273408174515,0.08487798273563385
210,0,2,0.03,0.0,32,0,0,0.015860499814152718,0.07812322676181793
211,0,2,0.07,0.0,32,0,0,0.015833476558327675,0.07593986392021179
212,0,2,0.05,0.6,32,0,0,0.01582454703748226,0.08346790075302124
213,0,2,0.03,0.3,32,0,0,0.015855303034186363,0.0678659975528717
214,0,2,0.01,0.9,32,0,0,0.01583516038954258,0.07484818994998932
215,0,2,0.01,0.9,16,0,0,0.015666529536247253,0.057608768343925476
216,0,2,0.03,0.6,16,0,0,0.01583637297153473,0.059291772544384
217,0,2,0.03,0.0,16,0,0,0.01585094816982746,0.06295344233512878
218,0,2,0.07,0.0,16,0,0,0.01583472080528736,0.06734289973974228
219,0,2,0.01,0.6,16,0,0,0.015839383006095886,0.06609202176332474
220,0,2,0.07,0.3,16,0,0,0.015837179496884346,0.058859650045633316
221,0,2,0.07,0.3,32,0,0,0.01582154631614685,0.056539833545684814
222,0,2,0.05,0.3,32,0,0,0.01583385095000267,0.05312833935022354
223,0,2,0.1,0.3,16,0,0,0.015796540305018425,0.048716142773628235
224,0,2,0.05,0.6,16,0,0,0.01582779549062252,0.04651004076004028
225,0,2,0.05,0.0,32,0,0,0.01586238481104374,0.03309149667620659
226,0,2,0.09,0.0,32,0,0,0.015854574739933014,0.02906593307852745
227,0,2,0.01,0.0,32,0,0,0.015859823673963547,0.03686688467860222
228,0,2,0.01,0.0,16,0,0,0.01586749590933323,0.01769428513944149
229,0,2,0.01,0.3,16,0,0,0.015861082822084427,0.009802361018955708
230,0,2,0.01,0.6,32,0,0,0.015860572457313538,0.006459095980972052
231,0,2,0.01,0.3,32,0,0,0.015866966918110847,0.004844322334975004
232,0,3,0.3,0.9,16,0,0,0.003542946418747306,0.8536696434020996
233,0,3,0.5,0.95,32,0,0,0.0035461788065731525,0.8526689410209656
234,0,3,0.5,0.9,16,0,0,0.00341798341833055,0.8601742386817932
235,0,3,0.5,0.6,16,0,0,0.0039628492668271065,0.8344060778617859
236,0,3,0.1,0.95,16,0,0,0.0036027184687554836,0.849393904209137
237,0,3,0.5,0.95,16,0,0,0.0035538547672331333,0.8508039712905884
238,0,3,0.3,0.95,32,0,0,0.003669732715934515,0.846619188785553
239,0,3,0.3,0.95,16,0,0,0.00357737485319376,0.8526006937026978
240,0,3,0.3,0.9,32,0,0,0.0037560879718512297,0.8435488343238831
241,0,3,0.5,0.9,32,0,0,0.0036603992339223623,0.8466419577598572
242,0,3,0.05,0.95,16,0,0,0.004186262376606464,0.8249220848083496
243,0,3,0.09,0.95,16,0,0,0.0038029202260077,0.8425026535987854
244,0,3,0.09,0.95,32,0,0,0.0042172446846961975,0.822192907333374
245,0,3,0.1,0.95,32,0,0,0.004242061171680689,0.8217835426330566
246,0,3,0.09,0.9,16,0,0,0.004696633666753769,0.800450325012207
247,0,3,0.1,0.9,16,0,0,0.0042528011836111546,0.8209192752838135
248,0,3,0.07,0.95,32,0,0,0.00449410080909729,0.8094339370727539
249,0,3,0.3,0.6,16,0,0,0.004558274056762457,0.8065910339355469
250,0,3,0.07,0.95,16,0,0,0.004107561428099871,0.8237394690513611
251,0,3,0.07,0.9,16,0,0,0.0046887388452887535,0.7996543049812317
252,0,3,0.05,0.9,16,0,0,0.0049016475677490234,0.7899883985519409
253,0,3,0.5,0.0,16,0,0,0.00488067464902997,0.7946507930755615
254,0,3,0.03,0.95,16,0,0,0.0050264932215213776,0.7851213216781616
255,0,3,0.1,0.9,32,0,0,0.005138705018907785,0.7810502648353577
256,0,3,0.09,0.9,32,0,0,0.005302741192281246,0.7748868465423584
257,0,3,0.3,0.3,16,0,0,0.005246811546385288,0.7735222578048706
258,0,3,0.5,0.3,16,0,0,0.00496430229395628,0.7858263850212097
259,0,3,0.05,0.95,32,0,0,0.0056206597946584225,0.7538037896156311
260,0,3,0.1,0.6,16,0,0,0.006140492856502533,0.7324250936508179
261,0,3,0.3,0.0,16,0,0,0.005656976718455553,0.7559871673583984
262,0,3,0.3,0.6,32,0,0,0.005299053620547056,0.7736586928367615
263,0,3,0.03,0.9,16,0,0,0.005948438309133053,0.7369965314865112
264,0,3,0.5,0.3,32,0,0,0.0059344032779335976,0.7411813139915466
265,0,3,0.5,0.0,32,0,0,0.006263877730816603,0.7305828928947449
266,0,3,0.05,0.9,32,0,0,0.006146047729998827,0.732288658618927
267,0,3,0.09,0.6,16,0,0,0.006213251035660505,0.7271714210510254
268,0,3,0.5,0.6,32,0,0,0.005086840596050024,0.7782528400421143
269,0,3,0.07,0.9,32,0,0,0.00636200001463294,0.7133662104606628
270,0,3,0.03,0.95,32,0,0,0.006417297292500734,0.7159362435340881
271,0,3,0.3,0.3,32,0,0,0.006720496341586113,0.7030407786369324
272,0,3,0.3,0.0,32,0,0,0.007135783322155476,0.6819577217102051
273,0,3,0.01,0.95,16,0,0,0.007016316056251526,0.6849598288536072
274,0,3,0.09,0.3,16,0,0,0.007773067802190781,0.6538470387458801
275,0,3,0.1,0.3,16,0,0,0.007604648359119892,0.6589869856834412
276,0,3,0.07,0.6,16,0,0,0.00725146709010005,0.6778411865234375
277,0,3,0.01,0.95,32,0,0,0.008198723196983337,0.627009928226471
278,0,3,0.1,0.0,16,0,0,0.008391495794057846,0.6197548508644104
279,0,3,0.07,0.3,16,0,0,0.00795857235789299,0.6388137340545654
280,0,3,0.1,0.6,32,0,0,0.007923047989606857,0.6408378481864929
281,0,3,0.09,0.0,16,0,0,0.008563989773392677,0.6084514260292053
282,0,3,0.07,0.6,32,0,0,0.00898616760969162,0.58875572681427
283,0,3,0.03,0.6,16,0,0,0.009128662757575512,0.5900748372077942
284,0,3,0.1,0.3,32,0,0,0.00859100092202425,0.6126589179039001
285,0,3,0.05,0.6,16,0,0,0.009032335132360458,0.5731537938117981
286,0,3,0.05,0.3,16,0,0,0.009792950935661793,0.5410857796669006
287,0,3,0.01,0.9,16,0,0,0.010033668018877506,0.5313971042633057
288,0,3,0.09,0.3,32,0,0,0.010634283535182476,0.5000568628311157
289,0,3,0.07,0.3,32,0,0,0.01581590250134468,0.07523482292890549
290,0,3,0.07,0.0,16,0,0,0.015822209417819977,0.07311969995498657
291,0,3,0.05,0.6,32,0,0,0.015842782333493233,0.07175510376691818
292,0,3,0.01,0.3,16,0,0,0.015851503238081932,0.07421137392520905
293,0,3,0.05,0.3,32,0,0,0.015849517658352852,0.07264208793640137
294,0,3,0.01,0.9,32,0,0,0.01583273336291313,0.06763856112957001
295,0,3,0.01,0.6,16,0,0,0.015851018950343132,0.057472310960292816
296,0,3,0.1,0.0,32,0,0,0.01584446243941784,0.04958038777112961
297,0,3,0.03,0.0,32,0,0,0.01585577055811882,0.053856126964092255
298,0,3,0.03,0.3,16,0,0,0.015826523303985596,0.050194453448057175
299,0,3,0.03,0.6,32,0,0,0.01584802009165287,0.051240645349025726
300,0,3,0.09,0.0,32,0,0,0.015841957181692123,0.04782915115356445
301,0,3,0.05,0.0,32,0,0,0.01582273095846176,0.050171710550785065
302,0,3,0.09,0.6,32,0,0,0.015790142118930817,0.049921534955501556
303,0,3,0.03,0.3,32,0,0,0.015842905268073082,0.04343969747424126
304,0,3,0.01,0.6,32,0,0,0.015858765691518784,0.04025563597679138
305,0,3,0.03,0.0,16,0,0,0.015848681330680847,0.03688962757587433
306,0,3,0.03,0.9,32,0,0,0.015820948407053947,0.039800770580768585
307,0,3,0.07,0.0,32,0,0,0.01584967039525509,0.032340966165065765
308,0,3,0.05,0.0,16,0,0,0.01584068313241005,0.025950102135539055
309,0,3,0.01,0.0,32,0,0,0.0158673282712698,0.013168368488550186
310,0,3,0.01,0.0,16,0,0,0.01586870476603508,0.009165548719465733
311,0,3,0.01,0.3,32,0,0,0.01587398163974285,0.003616184229031205
312,0,4,0.5,0.95,32,0,0,0.003478428814560175,0.8525097370147705
313,0,4,0.1,0.95,16,0,0,0.0036947994958609343,0.8440492153167725
314,0,4,0.3,0.9,16,0,0,0.0035813169088214636,0.8500761985778809
315,0,4,0.5,0.9,32,0,0,0.003514996264129877,0.852691650390625
316,0,4,0.5,0.9,16,0,0,0.0036440417170524597,0.849553108215332
317,0,4,0.3,0.95,32,0,0,0.0035094749182462692,0.8528736233711243
318,0,4,0.5,0.95,16,0,0,0.003708992386236787,0.8460506200790405
319,0,4,0.3,0.95,16,0,0,0.0032355240546166897,0.8652914762496948
320,0,4,0.09,0.95,16,0,0,0.003913757391273975,0.8363847136497498
321,0,4,0.5,0.6,16,0,0,0.003996371757239103,0.8329504728317261
322,0,4,0.05,0.95,16,0,0,0.0041877697221934795,0.8245581984519958
323,0,4,0.07,0.95,16,0,0,0.004000298213213682,0.8322454690933228
324,0,4,0.09,0.9,16,0,0,0.004341584630310535,0.8160521984100342
325,0,4,0.1,0.95,32,0,0,0.004156432580202818,0.8237621784210205
326,0,4,0.3,0.9,32,0,0,0.004226564895361662,0.8205099105834961
327,0,4,0.1,0.9,16,0,0,0.004151478409767151,0.8236257433891296
328,0,4,0.09,0.95,32,0,0,0.004525280091911554,0.8048170208930969
329,0,4,0.07,0.95,32,0,0,0.004623959772288799,0.8052263855934143
330,0,4,0.5,0.6,32,0,0,0.004612543620169163,0.804521381855011
331,0,4,0.3,0.6,16,0,0,0.004487384110689163,0.8118219375610352
332,0,4,0.07,0.9,16,0,0,0.004786650650203228,0.795765221118927
333,0,4,0.5,0.3,16,0,0,0.004631513729691505,0.8029293417930603
334,0,4,0.03,0.95,16,0,0,0.004914297256618738,0.7904660105705261
335,0,4,0.05,0.95,32,0,0,0.005059132818132639,0.7820054888725281
336,0,4,0.05,0.9,16,0,0,0.005172531586140394,0.7766607999801636
337,0,4,0.1,0.9,32,0,0,0.005208438262343407,0.7741817831993103
338,0,4,0.09,0.9,32,0,0,0.005370456725358963,0.7658805251121521
339,0,4,0.07,0.9,32,0,0,0.005401757080107927,0.766562819480896
340,0,4,0.3,0.6,32,0,0,0.00564723601564765,0.755418598651886
341,0,4,0.3,0.3,16,0,0,0.005410671234130859,0.76417475938797
342,0,4,0.5,0.3,32,0,0,0.005596508271992207,0.756874144077301
343,0,4,0.03,0.9,16,0,0,0.005932607222348452,0.7399076819419861
344,0,4,0.5,0.0,16,0,0,0.005315296817570925,0.766631007194519
345,0,4,0.3,0.0,16,0,0,0.005836057476699352,0.7463895082473755
346,0,4,0.05,0.9,32,0,0,0.006312333047389984,0.724373996257782
347,0,4,0.3,0.3,32,0,0,0.00652770372107625,0.7193704843521118
348,0,4,0.01,0.95,16,0,0,0.00649532163515687,0.7208260297775269
349,0,4,0.03,0.95,32,0,0,0.006427987478673458,0.7144124507904053
350,0,4,0.1,0.6,16,0,0,0.006390018854290247,0.7176874876022339
351,0,4,0.09,0.6,16,0,0,0.006350725423544645,0.7226227521896362
352,0,4,0.5,0.0,32,0,0,0.006364322267472744,0.7181195616722107
353,0,4,0.03,0.9,32,0,0,0.007413333281874657,0.6704269051551819
354,0,4,0.07,0.6,16,0,0,0.006949234288185835,0.6872797012329102
355,0,4,0.05,0.6,16,0,0,0.007576141506433487,0.6670153737068176
356,0,4,0.07,0.3,16,0,0,0.007499770727008581,0.667356550693512
357,0,4,0.1,0.3,16,0,0,0.007885955274105072,0.6427255272865295
358,0,4,0.09,0.6,32,0,0,0.007908971980214119,0.6451135873794556
359,0,4,0.1,0.6,32,0,0,0.008433977141976357,0.6122040748596191
360,0,4,0.1,0.3,32,0,0,0.008595959283411503,0.6065864562988281
361,0,4,0.3,0.0,32,0,0,0.008007252588868141,0.6335827708244324
362,0,4,0.01,0.95,32,0,0,0.00883816834539175,0.591894268989563
363,0,4,0.07,0.6,32,0,0,0.009492705576121807,0.5694239139556885
364,0,4,0.05,0.6,32,0,0,0.011061142198741436,0.4919602572917938
365,0,4,0.09,0.0,32,0,0,0.01478410605341196,0.24799290299415588
366,0,4,0.1,0.0,32,0,0,0.01580829918384552,0.10634765774011612
367,0,4,0.05,0.0,32,0,0,0.015848932787775993,0.09417998790740967
368,0,4,0.05,0.0,16,0,0,0.015833184123039246,0.09590847790241241
369,0,4,0.05,0.3,16,0,0,0.01581900753080845,0.09347494691610336
370,0,4,0.05,0.3,32,0,0,0.015847597271203995,0.06074734404683113
371,0,4,0.1,0.0,16,0,0,0.015760177746415138,0.05667629465460777
372,0,4,0.01,0.3,16,0,0,0.015865258872509003,0.05478860065340996
373,0,4,0.03,0.6,16,0,0,0.015784122049808502,0.05710841715335846
374,0,4,0.01,0.9,16,0,0,0.015800312161445618,0.06047442555427551
375,0,4,0.07,0.3,32,0,0,0.015833137556910515,0.0558120496571064
376,0,4,0.09,0.3,16,0,0,0.015839537605643272,0.05572107806801796
377,0,4,0.07,0.0,16,0,0,0.015790095552802086,0.048647910356521606
378,0,4,0.03,0.3,16,0,0,0.015801841393113136,0.052537016570568085
379,0,4,0.03,0.0,16,0,0,0.015845593065023422,0.04971684515476227
380,0,4,0.03,0.3,32,0,0,0.015856388956308365,0.04917100816965103
381,0,4,0.09,0.0,16,0,0,0.01578861102461815,0.05069480836391449
382,0,4,0.01,0.9,32,0,0,0.015740059316158295,0.050012510269880295
383,0,4,0.03,0.6,32,0,0,0.01585671491920948,0.04537287726998329
384,0,4,0.09,0.3,32,0,0,0.015839599072933197,0.03650299087166786
385,0,4,0.01,0.0,16,0,0,0.015861786901950836,0.03459255397319794
386,0,4,0.07,0.0,32,0,0,0.015859687700867653,0.03331892937421799
387,0,4,0.01,0.6,16,0,0,0.01586088165640831,0.023243648931384087
388,0,4,0.03,0.0,32,0,0,0.015862639993429184,0.020673656836152077
389,0,4,0.01,0.3,32,0,0,0.01586909592151642,0.02008233033120632
390,0,4,0.01,0.6,32,0,0,0.015864696353673935,0.01330482866615057
391,0,4,0.01,0.0,32,0,0,0.015871254727244377,0.006117946933954954
392,0,5,0.5,0.9,16,0,0,0.0035406395327299833,0.8518956303596497
393,0,5,0.5,0.95,32,0,0,0.003687830176204443,0.8474152088165283
394,0,5,0.5,0.95,16,0,0,0.003565089078620076,0.8514635562896729
395,0,5,0.3,0.95,16,0,0,0.0035211974754929543,0.8532602787017822
396,0,5,0.5,0.9,32,0,0,0.0037382040172815323,0.8436625599861145
397,0,5,0.3,0.9,16,0,0,0.0034726255107671022,0.8561486601829529
398,0,5,0.09,0.95,16,0,0,0.0036038754042237997,0.8501216769218445
399,0,5,0.3,0.95,32,0,0,0.0035181869752705097,0.853692352771759
400,0,5,0.1,0.95,16,0,0,0.0037808669731020927,0.8422524929046631
401,0,5,0.07,0.95,16,0,0,0.003961771260946989,0.8329732418060303
402,0,5,0.1,0.9,16,0,0,0.004040726460516453,0.8322909474372864
403,0,5,0.5,0.6,16,0,0,0.003940262366086245,0.8354067802429199
404,0,5,0.1,0.95,32,0,0,0.004173488821834326,0.823421061038971
405,0,5,0.05,0.95,16,0,0,0.004343912471085787,0.8149833083152771
406,0,5,0.3,0.9,32,0,0,0.004122922662645578,0.824876606464386
407,0,5,0.09,0.9,16,0,0,0.004476801957935095,0.8105255961418152
408,0,5,0.3,0.6,16,0,0,0.004653232637792826,0.8003820776939392
409,0,5,0.09,0.95,32,0,0,0.00450790673494339,0.8075234889984131
410,0,5,0.1,0.9,32,0,0,0.005017157644033432,0.7861447930335999
411,0,5,0.07,0.95,32,0,0,0.004865738563239574,0.7921035289764404
412,0,5,0.5,0.3,16,0,0,0.004850344266742468,0.7872819304466248
413,0,5,0.07,0.9,16,0,0,0.0049434807151556015,0.7860538363456726
414,0,5,0.5,0.6,32,0,0,0.004715471528470516,0.7993813753128052
415,0,5,0.03,0.95,16,0,0,0.005131916143000126,0.7755691409111023
416,0,5,0.05,0.9,16,0,0,0.00530945835635066,0.7691327929496765
417,0,5,0.05,0.95,32,0,0,0.005361897870898247,0.7729991674423218
418,0,5,0.3,0.0,16,0,0,0.005591320339590311,0.7581250667572021
419,0,5,0.5,0.0,16,0,0,0.005250494461506605,0.7728854417800903
420,0,5,0.5,0.3,32,0,0,0.005406321957707405,0.7680411338806152
421,0,5,0.09,0.9,32,0,0,0.005363102070987225,0.7681093215942383
422,0,5,0.3,0.6,32,0,0,0.005683467257767916,0.7535309195518494
423,0,5,0.07,0.9,32,0,0,0.005740848835557699,0.7515522241592407
424,0,5,0.3,0.3,16,0,0,0.0057615977711975574,0.7502785921096802
425,0,5,0.03,0.95,32,0,0,0.006082597654312849,0.7338579297065735
426,0,5,0.03,0.9,16,0,0,0.006179375573992729,0.7278764843940735
427,0,5,0.05,0.9,32,0,0,0.00607830286026001,0.7336532473564148
428,0,5,0.3,0.3,32,0,0,0.0065781716257333755,0.7058836817741394
429,0,5,0.1,0.6,16,0,0,0.006664561107754707,0.6990606784820557
430,0,5,0.01,0.95,16,0,0,0.0067166960798203945,0.7007209658622742
431,0,5,0.09,0.6,16,0,0,0.0068880608305335045,0.6932611465454102
432,0,5,0.5,0.0,32,0,0,0.006244034506380558,0.7273078560829163
433,0,5,0.03,0.9,32,0,0,0.007548393215984106,0.6604198217391968
434,0,5,0.1,0.3,16,0,0,0.007636446971446276,0.6591461896896362
435,0,5,0.1,0.6,32,0,0,0.007872983813285828,0.64706951379776
436,0,5,0.09,0.6,32,0,0,0.007956036366522312,0.6398826241493225
437,0,5,0.05,0.6,16,0,0,0.008162591606378555,0.6260774731636047
438,0,5,0.07,0.6,16,0,0,0.00818045623600483,0.6273738145828247
439,0,5,0.01,0.9,16,0,0,0.008574606850743294,0.6092701554298401
440,0,5,0.09,0.3,16,0,0,0.008494584821164608,0.6167982220649719
441,0,5,0.09,0.0,16,0,0,0.009128847159445286,0.5816597938537598
442,0,5,0.1,0.0,16,0,0,0.009133091196417809,0.586913526058197
443,0,5,0.05,0.3,16,0,0,0.009335181675851345,0.5740863084793091
444,0,5,0.09,0.3,32,0,0,0.009287044405937195,0.5807955861091614
445,0,5,0.07,0.6,32,0,0,0.009466452524065971,0.558165967464447
446,0,5,0.07,0.0,16,0,0,0.00964262243360281,0.5502740740776062
447,0,5,0.05,0.0,16,0,0,0.010087789036333561,0.5335350036621094
448,0,5,0.1,0.3,32,0,0,0.008464762009680271,0.6156383156776428
449,0,5,0.01,0.9,32,0,0,0.011043626815080643,0.48779821395874023
450,0,5,0.03,0.3,16,0,0,0.015632208436727524,0.09779617190361023
451,0,5,0.05,0.0,32,0,0,0.015846360474824905,0.09902431070804596
452,0,5,0.1,0.0,32,0,0,0.015848351642489433,0.07368828356266022
453,0,5,0.07,0.3,16,0,0,0.015837477520108223,0.07771384716033936
454,0,5,0.01,0.6,16,0,0,0.015749944373965263,0.07816871255636215
455,0,5,0.07,0.3,32,0,0,0.015856660902500153,0.06709272414445877
456,0,5,0.03,0.3,32,0,0,0.015832485631108284,0.06363574415445328
457,0,5,0.01,0.95,32,0,0,0.01570858247578144,0.05089949816465378
458,0,5,0.05,0.6,32,0,0,0.015754200518131256,0.0477154366672039
459,0,5,0.03,0.0,16,0,0,0.015853144228458405,0.05076303705573082
460,0,5,0.07,0.0,32,0,0,0.015844425186514854,0.05021720007061958
461,0,5,0.01,0.0,32,0,0,0.01586075685918331,0.05064932256937027
462,0,5,0.01,0.0,16,0,0,0.015857188031077385,0.050057996064424515
463,0,5,0.09,0.0,32,0,0,0.01585434563457966,0.04487252235412598
464,0,5,0.03,0.6,32,0,0,0.015823211520910263,0.04919375106692314
465,0,5,0.05,0.3,32,0,0,0.01582994870841503,0.050944983959198
466,0,5,0.3,0.0,32,0,0,0.015775851905345917,0.05046737566590309
467,0,5,0.03,0.6,16,0,0,0.015848852694034576,0.03927767276763916
468,0,5,0.01,0.3,16,0,0,0.015868734568357468,0.026814347133040428
469,0,5,0.03,0.0,32,0,0,0.01586492545902729,0.02419886738061905
470,0,5,0.01,0.6,32,0,0,0.01586482673883438,0.024289840832352638
471,0,5,0.01,0.3,32,0,0,0.015867073088884354,0.011758284643292427
472,0,6,0.1,0.95,16,0,0,0.0036051494535058737,0.8494393825531006
473,0,6,0.3,0.95,16,0,0,0.003512381110340357,0.853078305721283
474,0,6,0.5,0.95,32,0,0,0.00356078939512372,0.8511906266212463
475,0,6,0.5,0.95,16,0,0,0.0033809549640864134,0.8585139513015747
476,0,6,0.3,0.9,16,0,0,0.0035324059426784515,0.8507130146026611
477,0,6,0.3,0.95,32,0,0,0.0034397223498672247,0.8578771352767944
478,0,6,0.5,0.9,32,0,0,0.0036364218685775995,0.8491209745407104
479,0,6,0.07,0.95,16,0,0,0.003990430850535631,0.8328140377998352
480,0,6,0.5,0.9,16,0,0,0.003661901457235217,0.8445040583610535
481,0,6,0.09,0.95,16,0,0,0.0039151981472969055,0.8325638771057129
482,0,6,0.3,0.9,32,0,0,0.003987974487245083,0.8338602185249329
483,0,6,0.5,0.6,16,0,0,0.004112562630325556,0.8265823721885681
484,0,6,0.1,0.95,32,0,0,0.0041734883561730385,0.8237621784210205
485,0,6,0.1,0.9,16,0,0,0.004410888534039259,0.8130046129226685
486,0,6,0.09,0.95,32,0,0,0.004252811428159475,0.8203961849212646
487,0,6,0.09,0.9,16,0,0,0.0043733986094594,0.8136414289474487
488,0,6,0.3,0.6,16,0,0,0.004673700779676437,0.7967886328697205
489,0,6,0.5,0.6,32,0,0,0.004741030745208263,0.7947189807891846
490,0,6,0.05,0.95,16,0,0,0.004531240090727806,0.803975522518158
491,0,6,0.3,0.3,16,0,0,0.005048655439168215,0.7863494753837585
492,0,6,0.07,0.9,16,0,0,0.004836643114686012,0.7896699905395508
493,0,6,0.5,0.3,16,0,0,0.004758240655064583,0.7977893352508545
494,0,6,0.3,0.6,32,0,0,0.005380431655794382,0.7683140635490417
495,0,6,0.07,0.95,32,0,0,0.004928066860884428,0.7850531339645386
496,0,6,0.03,0.95,16,0,0,0.0050440700724720955,0.7812549471855164
497,0,6,0.1,0.9,32,0,0,0.005216119810938835,0.7741363048553467
498,0,6,0.05,0.9,16,0,0,0.005165448412299156,0.7746139168739319
499,0,6,0.05,0.95,32,0,0,0.005388673394918442,0.7626736760139465
500,0,6,0.09,0.9,32,0,0,0.005307493265718222,0.7683367729187012
501,0,6,0.03,0.9,16,0,0,0.005752541124820709,0.7523254752159119
502,0,6,0.07,0.9,32,0,0,0.005707832984626293,0.7510746121406555
503,0,6,0.3,0.0,16,0,0,0.006079991348087788,0.7310377955436707
504,0,6,0.03,0.95,32,0,0,0.005943759344518185,0.7385658025741577
505,0,6,0.5,0.3,32,0,0,0.00566526036709547,0.7513930201530457
506,0,6,0.1,0.6,16,0,0,0.006273393519222736,0.7228502035140991
507,0,6,0.5,0.0,32,0,0,0.006127913016825914,0.7305828928947449
508,0,6,0.05,0.9,32,0,0,0.006445315200835466,0.7090222835540771
509,0,6,0.5,0.0,16,0,0,0.005234981421381235,0.7702926993370056
510,0,6,0.07,0.6,16,0,0,0.007118774112313986,0.6837772130966187
511,0,6,0.09,0.6,16,0,0,0.006966358982026577,0.6881211996078491
512,0,6,0.3,0.0,32,0,0,0.007190316449850798,0.6786826848983765
513,0,6,0.03,0.9,32,0,0,0.00716801593080163,0.6790010929107666
514,0,6,0.01,0.95,16,0,0,0.00695407809689641,0.681730329990387
515,0,6,0.09,0.3,16,0,0,0.007741101086139679,0.654370129108429
516,0,6,0.09,0.6,32,0,0,0.007698001805692911,0.6538015604019165
517,0,6,0.1,0.6,32,0,0,0.008034978061914444,0.6381086707115173
518,0,6,0.1,0.3,16,0,0,0.007845312356948853,0.6522322297096252
519,0,6,0.07,0.3,16,0,0,0.008486790582537651,0.6200504899024963
520,0,6,0.05,0.6,16,0,0,0.008312709629535675,0.6173895001411438
521,0,6,0.09,0.3,32,0,0,0.009149691089987755,0.5722668170928955
522,0,6,0.07,0.0,16,0,0,0.009413233958184719,0.5604630708694458
523,0,6,0.3,0.3,32,0,0,0.006960458587855101,0.6797516345977783
524,0,6,0.03,0.3,16,0,0,0.014433907344937325,0.2844504117965698
525,0,6,0.05,0.3,16,0,0,0.01535217184573412,0.1625918298959732
526,0,6,0.01,0.9,32,0,0,0.015525482594966888,0.11712797731161118
527,0,6,0.1,0.3,32,0,0,0.01580824889242649,0.10707543790340424
528,0,6,0.01,0.6,16,0,0,0.015856223180890083,0.09274715930223465
529,0,6,0.05,0.3,32,0,0,0.015847764909267426,0.08976779133081436
530,0,6,0.01,0.6,32,0,0,0.01585974730551243,0.08048852533102036
531,0,6,0.05,0.0,16,0,0,0.015829483047127724,0.07582615315914154
532,0,6,0.01,0.9,16,0,0,0.015834081918001175,0.06850280612707138
533,0,6,0.03,0.0,32,0,0,0.01585901901125908,0.07068616896867752
534,0,6,0.1,0.0,32,0,0,0.015845976769924164,0.0673883855342865
535,0,6,0.03,0.6,16,0,0,0.01584060862660408,0.06822989135980606
536,0,6,0.05,0.0,32,0,0,0.015844745561480522,0.06681980192661285
537,0,6,0.09,0.0,16,0,0,0.01584443263709545,0.058723192662000656
538,0,6,0.01,0.95,32,0,0,0.015837864950299263,0.06122495234012604
539,0,6,0.03,0.0,16,0,0,0.015854284167289734,0.05833655595779419
540,0,6,0.01,0.3,16,0,0,0.015845701098442078,0.047237828373909
541,0,6,0.07,0.3,32,0,0,0.015818875283002853,0.04953489825129509
542,0,6,0.07,0.0,32,0,0,0.015854887664318085,0.04962587356567383
543,0,6,0.07,0.6,32,0,0,0.015838518738746643,0.049830563366413116
544,0,6,0.03,0.6,32,0,0,0.015851151198148727,0.04896631836891174
545,0,6,0.1,0.0,16,0,0,0.015784014016389847,0.05440196394920349
546,0,6,0.03,0.3,32,0,0,0.015853669494390488,0.04730605706572533
547,0,6,0.05,0.6,32,0,0,0.015851445496082306,0.048807114362716675
548,0,6,0.01,0.3,32,0,0,0.015861215069890022,0.03811776638031006
549,0,6,0.09,0.0,32,0,0,0.015846023336052895,0.03306875377893448
550,0,6,0.01,0.0,16,0,0,0.01586620695888996,0.02017330378293991
551,0,6,0.01,0.0,32,0,0,0.01586662419140339,0.014055357314646244
552,0,7,0.3,0.95,32,0,0,0.0035244054161012173,0.8536468744277954
553,0,7,0.5,0.9,16,0,0,0.003669976955279708,0.8483021855354309
554,0,7,0.3,0.9,16,0,0,0.0035842389333993196,0.8514180183410645
555,0,7,0.5,0.95,16,0,0,0.0034365965984761715,0.854920506477356
556,0,7,0.3,0.95,16,0,0,0.0033794399350881577,0.8596738576889038
557,0,7,0.5,0.9,32,0,0,0.003542949678376317,0.8518046736717224
558,0,7,0.5,0.95,32,0,0,0.0034753086511045694,0.8563305735588074
559,0,7,0.07,0.95,16,0,0,0.004020255990326405,0.8338147401809692
560,0,7,0.09,0.95,16,0,0,0.0035837655887007713,0.8505083322525024
561,0,7,0.1,0.95,16,0,0,0.003835028735920787,0.8381814360618591
562,0,7,0.1,0.9,16,0,0,0.004114902578294277,0.8256271481513977
563,0,7,0.05,0.95,16,0,0,0.004094763193279505,0.828720211982727
564,0,7,0.3,0.9,32,0,0,0.00471076276153326,0.7999499440193176
565,0,7,0.5,0.6,16,0,0,0.004002665169537067,0.8324956297874451
566,0,7,0.09,0.9,16,0,0,0.004367387853562832,0.8171666264533997
567,0,7,0.07,0.9,16,0,0,0.00459934351965785,0.8034524321556091
568,0,7,0.1,0.95,32,0,0,0.0044562723487615585,0.8085924386978149
569,0,7,0.3,0.6,16,0,0,0.004617036785930395,0.8043394088745117
570,0,7,0.07,0.95,32,0,0,0.004834336694329977,0.7933543920516968
571,0,7,0.09,0.95,32,0,0,0.004597682971507311,0.8018149137496948
572,0,7,0.5,0.3,16,0,0,0.004626421723514795,0.8009961843490601
573,0,7,0.1,0.9,32,0,0,0.005090691149234772,0.7785940170288086
574,0,7,0.03,0.95,16,0,0,0.005113390274345875,0.7797994017601013
575,0,7,0.5,0.3,32,0,0,0.005438217427581549,0.7648343443870544
576,0,7,0.5,0.0,16,0,0,0.00521217193454504,0.7736586928367615
577,0,7,0.5,0.6,32,0,0,0.004964918829500675,0.7866678833961487
578,0,7,0.3,0.3,16,0,0,0.005318444687873125,0.7695194482803345
579,0,7,0.05,0.95,32,0,0,0.005380474962294102,0.7636061906814575
580,0,7,0.09,0.9,32,0,0,0.00541181955486536,0.7622188329696655
581,0,7,0.05,0.9,32,0,0,0.0058368900790810585,0.7469580769538879
582,0,7,0.05,0.9,16,0,0,0.005494643468409777,0.7614228129386902
583,0,7,0.1,0.6,16,0,0,0.005755949299782515,0.7561236619949341
584,0,7,0.3,0.6,32,0,0,0.005489763338118792,0.7616047859191895
585,0,7,0.07,0.9,32,0,0,0.005900690332055092,0.7395210266113281
586,0,7,0.03,0.9,16,0,0,0.006019542925059795,0.7342218160629272
587,0,7,0.3,0.0,16,0,0,0.00591006176546216,0.7415679097175598
588,0,7,0.03,0.95,32,0,0,0.0059234523214399815,0.7425459027290344
589,0,7,0.09,0.6,16,0,0,0.006829587277024984,0.6994928121566772
590,0,7,0.3,0.3,32,0,0,0.0067021590657532215,0.7001069188117981
591,0,7,0.5,0.0,32,0,0,0.006803910247981548,0.6872797012329102
592,0,7,0.01,0.95,16,0,0,0.007137039210647345,0.6748390793800354
593,0,7,0.07,0.6,16,0,0,0.0073308153077960014,0.6717232465744019
594,0,7,0.03,0.9,32,0,0,0.0074720424599945545,0.6587141156196594
595,0,7,0.09,0.6,32,0,0,0.007842584513127804,0.6505037546157837
596,0,7,0.1,0.3,16,0,0,0.007705376483500004,0.6502308249473572
597,0,7,0.09,0.3,16,0,0,0.008296193554997444,0.6230525970458984
598,0,7,0.1,0.6,32,0,0,0.008195005357265472,0.6287156939506531
599,0,7,0.07,0.3,16,0,0,0.008381007239222527,0.6182765364646912
600,0,7,0.05,0.6,16,0,0,0.008475136943161488,0.6054947972297668
601,0,7,0.01,0.95,32,0,0,0.008922048844397068,0.5912347435951233
602,0,7,0.1,0.3,32,0,0,0.008662351407110691,0.6112715601921082
603,0,7,0.09,0.0,16,0,0,0.01009946409612894,0.5326024889945984
604,0,7,0.01,0.9,16,0,0,0.009697338566184044,0.547863245010376
605,0,7,0.03,0.6,16,0,0,0.010280524380505085,0.5256203413009644
606,0,7,0.05,0.0,16,0,0,0.014104577712714672,0.3038959205150604
607,0,7,0.03,0.0,32,0,0,0.01584739238023758,0.11226090788841248
608,0,7,0.03,0.0,16,0,0,0.015838373452425003,0.08726602792739868
609,0,7,0.07,0.0,16,0,0,0.015831874683499336,0.08542381972074509
610,0,7,0.03,0.6,32,0,0,0.0158389862626791,0.0694807693362236
611,0,7,0.07,0.0,32,0,0,0.015825262293219566,0.07330164313316345
612,0,7,0.05,0.3,16,0,0,0.01584428921341896,0.07195979356765747
613,0,7,0.09,0.0,32,0,0,0.015851138159632683,0.05965566635131836
614,0,7,0.3,0.0,32,0,0,0.015804897993803024,0.06268052756786346
615,0,7,0.1,0.0,16,0,0,0.01573474332690239,0.0516500249505043
616,0,7,0.03,0.3,32,0,0,0.0158592127263546,0.05565284565091133
617,0,7,0.05,0.6,32,0,0,0.01583932526409626,0.0595192052423954
618,0,7,0.07,0.6,32,0,0,0.01577680930495262,0.04769269376993179
619,0,7,0.09,0.3,32,0,0,0.015800124034285545,0.05092224106192589
620,0,7,0.1,0.0,32,0,0,0.01585358753800392,0.05092224106192589
621,0,7,0.01,0.6,16,0,0,0.015844419598579407,0.05023994296789169
622,0,7,0.03,0.3,16,0,0,0.015842264518141747,0.04948941245675087
623,0,7,0.01,0.9,32,0,0,0.015847623348236084,0.049807820469141006
624,0,7,0.01,0.0,16,0,0,0.015868214890360832,0.0470103919506073
625,0,7,0.05,0.3,32,0,0,0.015834005549550056,0.04903454706072807
626,0,7,0.01,0.6,32,0,0,0.015857696533203125,0.04939844086766243
627,0,7,0.07,0.3,32,0,0,0.015837909653782845,0.04482703655958176
628,0,7,0.01,0.0,32,0,0,0.015867650508880615,0.021151265129446983
629,0,7,0.01,0.3,32,0,0,0.01586206816136837,0.02028702013194561
630,0,7,0.05,0.0,32,0,0,0.01586158759891987,0.01885419338941574
631,0,7,0.01,0.3,16,0,0,0.0158639345318079,0.00636812299489975
632,0,8,0.3,0.95,16,0,0,0.003356723580509424,0.8608337640762329
633,0,8,0.5,0.95,16,0,0,0.0035804403014481068,0.8504173159599304
634,0,8,0.5,0.95,32,0,0,0.0035041423980146646,0.8538060784339905
635,0,8,0.5,0.9,16,0,0,0.0033345939591526985,0.86238032579422
636,0,8,0.3,0.9,16,0,0,0.0036772671155631542,0.8465737104415894
637,0,8,0.3,0.95,32,0,0,0.003581416793167591,0.849848747253418
638,0,8,0.3,0.9,32,0,0,0.003897453658282757,0.8374308943748474
639,0,8,0.5,0.9,32,0,0,0.003711380297318101,0.8449589610099792
640,0,8,0.09,0.95,16,0,0,0.003871920518577099,0.8400464057922363
641,0,8,0.5,0.6,16,0,0,0.003936504013836384,0.8340876698493958
642,0,8,0.05,0.95,16,0,0,0.004072071984410286,0.8293797969818115
643,0,8,0.09,0.9,16,0,0,0.004207477439194918,0.8226932883262634
644,0,8,0.1,0.95,16,0,0,0.0037720410618931055,0.8407287001609802
645,0,8,0.07,0.95,16,0,0,0.003988171927630901,0.8325638771057129
646,0,8,0.09,0.95,32,0,0,0.004439524374902248,0.813732385635376
647,0,8,0.1,0.95,32,0,0,0.0044105988927185535,0.8120039105415344
648,0,8,0.5,0.3,16,0,0,0.0044463095255196095,0.8120948672294617
649,0,8,0.1,0.9,16,0,0,0.004280115943402052,0.8203052282333374
650,0,8,0.3,0.6,16,0,0,0.0045568132773041725,0.8082512617111206
651,0,8,0.03,0.95,16,0,0,0.0047752950340509415,0.7961518168449402
652,0,8,0.07,0.9,16,0,0,0.00476085115224123,0.7959699034690857
653,0,8,0.5,0.6,32,0,0,0.0047365594655275345,0.798062264919281
654,0,8,0.05,0.95,32,0,0,0.0051429616287350655,0.7801632881164551
655,0,8,0.1,0.9,32,0,0,0.005098202731460333,0.7821419835090637
656,0,8,0.09,0.9,32,0,0,0.005050182342529297,0.7848029136657715
657,0,8,0.05,0.9,16,0,0,0.005085359793156385,0.7801405787467957
658,0,8,0.07,0.95,32,0,0,0.0050508431158959866,0.7783665657043457
659,0,8,0.03,0.9,16,0,0,0.005818275269120932,0.746730625629425
660,0,8,0.5,0.3,32,0,0,0.0058405641466379166,0.7420910000801086
661,0,8,0.07,0.9,32,0,0,0.005960529670119286,0.7408856153488159
662,0,8,0.3,0.0,16,0,0,0.0060973018407821655,0.7335168123245239
663,0,8,0.3,0.3,32,0,0,0.006296786479651928,0.7245786786079407
664,0,8,0.3,0.6,32,0,0,0.006216610781848431,0.7269894480705261
665,0,8,0.05,0.9,32,0,0,0.006160519551485777,0.7305147051811218
666,0,8,0.3,0.3,16,0,0,0.006133622489869595,0.7233278155326843
667,0,8,0.5,0.0,32,0,0,0.006477321032434702,0.7175509929656982
668,0,8,0.01,0.95,16,0,0,0.006621320731937885,0.7092496752738953
669,0,8,0.1,0.6,16,0,0,0.006562985945492983,0.7072710394859314
670,0,8,0.03,0.95,32,0,0,0.006359552498906851,0.7129113674163818
671,0,8,0.5,0.0,16,0,0,0.005237858276814222,0.7747049331665039
672,0,8,0.09,0.3,16,0,0,0.007402260787785053,0.666969895362854
673,0,8,0.09,0.6,16,0,0,0.007311524823307991,0.6661738753318787
674,0,8,0.09,0.6,32,0,0,0.007699768524616957,0.652982771396637
675,0,8,0.3,0.0,32,0,0,0.007821406237781048,0.6467965841293335
676,0,8,0.05,0.6,16,0,0,0.007778696715831757,0.6475698947906494
677,0,8,0.07,0.3,16,0,0,0.008044295944273472,0.6453410387039185
678,0,8,0.1,0.6,32,0,0,0.00839423667639494,0.6225067377090454
679,0,8,0.07,0.6,16,0,0,0.00834379717707634,0.6061770915985107
680,0,8,0.09,0.0,16,0,0,0.008630665950477123,0.6085423827171326
681,0,8,0.1,0.3,16,0,0,0.008464986458420753,0.6084059476852417
682,0,8,0.07,0.6,32,0,0,0.008451005443930626,0.6175714731216431
683,0,8,0.07,0.0,16,0,0,0.008962814696133137,0.5851622819900513
684,0,8,0.03,0.6,16,0,0,0.00917282048612833,0.5768609642982483
685,0,8,0.09,0.0,32,0,0,0.015669208019971848,0.11617276072502136
686,0,8,0.03,0.3,16,0,0,0.015555713325738907,0.12163115292787552
687,0,8,0.1,0.0,16,0,0,0.015813540667295456,0.08374081552028656
688,0,8,0.01,0.9,32,0,0,0.015835441648960114,0.08894903212785721
689,0,8,0.07,0.0,32,0,0,0.015799544751644135,0.07716800272464752
690,0,8,0.01,0.6,16,0,0,0.015858616679906845,0.0743250921368599
691,0,8,0.07,0.3,32,0,0,0.015851382166147232,0.06954900175333023
692,0,8,0.05,0.0,32,0,0,0.015856251120567322,0.0553571842610836
693,0,8,0.01,0.9,16,0,0,0.01583864726126194,0.05551638826727867
694,0,8,0.05,0.3,16,0,0,0.01571022719144821,0.05153631046414375
695,0,8,0.1,0.3,32,0,0,0.015826603397727013,0.05447019636631012
696,0,8,0.05,0.3,32,0,0,0.015814023092389107,0.05590302124619484
697,0,8,0.03,0.6,32,0,0,0.015824785456061363,0.052491527050733566
698,0,8,0.1,0.0,32,0,0,0.015779323875904083,0.051195159554481506
699,0,8,0.03,0.9,32,0,0,0.015803612768650055,0.049898792058229446
700,0,8,0.05,0.6,32,0,0,0.015799250453710556,0.048716142773628235
701,0,8,0.03,0.0,16,0,0,0.0157483983784914,0.048716142773628235
702,0,8,0.09,0.3,32,0,0,0.015809791162610054,0.048807114362716675
703,0,8,0.01,0.3,32,0,0,0.015865018591284752,0.04646455496549606
704,0,8,0.03,0.3,32,0,0,0.015849364921450615,0.03322795778512955
705,0,8,0.01,0.95,32,0,0,0.015787048265337944,0.03707157447934151
706,0,8,0.05,0.0,16,0,0,0.015855364501476288,0.03277308866381645
707,0,8,0.01,0.3,16,0,0,0.01586138643324375,0.02408515103161335
708,0,8,0.03,0.0,32,0,0,0.015868214890360832,0.016739066690206528
709,0,8,0.01,0.6,32,0,0,0.015859782695770264,0.01519252173602581
710,0,8,0.01,0.0,16,0,0,0.015869077295064926,0.008596966043114662
711,0,8,0.01,0.0,32,0,0,0.0158705897629261,0.0055266208946704865
712,0,9,0.5,0.9,16,0,0,0.0035128947347402573,0.8557392954826355
713,0,9,0.3,0.95,16,0,0,0.0033383634872734547,0.8615843057632446
714,0,9,0.5,0.95,32,0,0,0.0034610405564308167,0.8565580248832703
715,0,9,0.3,0.9,16,0,0,0.003645628225058317,0.8483249545097351
716,0,9,0.5,0.95,16,0,0,0.003347973572090268,0.8592872023582458
717,0,9,0.5,0.9,32,0,0,0.003656524932011962,0.8492801785469055
718,0,9,0.3,0.95,32,0,0,0.0037615394685417414,0.8425936698913574
719,0,9,0.3,0.9,32,0,0,0.0038895728066563606,0.8377720713615417
720,0,9,0.09,0.95,16,0,0,0.0038612913340330124,0.8392276167869568
721,0,9,0.1,0.95,16,0,0,0.0036551388911902905,0.8460733890533447
722,0,9,0.09,0.95,32,0,0,0.004318047780543566,0.8177807331085205
723,0,9,0.07,0.95,16,0,0,0.003931552171707153,0.833791971206665
724,0,9,0.1,0.9,16,0,0,0.004283148795366287,0.8202369809150696
725,0,9,0.1,0.95,32,0,0,0.004236952867358923,0.8220564723014832
726,0,9,0.09,0.9,16,0,0,0.004295842256397009,0.8157793283462524
727,0,9,0.05,0.95,16,0,0,0.004271709825843573,0.8195092082023621
728,0,9,0.5,0.6,32,0,0,0.004624111112207174,0.8032477498054504
729,0,9,0.5,0.3,16,0,0,0.004784213844686747,0.7946507930755615
730,0,9,0.5,0.0,16,0,0,0.004912656266242266,0.790602445602417
731,0,9,0.5,0.6,16,0,0,0.004134386777877808,0.8223293423652649
732,0,9,0.07,0.9,16,0,0,0.004784482065588236,0.7943096160888672
733,0,9,0.3,0.6,16,0,0,0.004687763750553131,0.7992449402809143
734,0,9,0.05,0.9,16,0,0,0.005139696411788464,0.7831881642341614
735,0,9,0.03,0.95,16,0,0,0.005028047598898411,0.7834383249282837
736,0,9,0.07,0.95,32,0,0,0.004876343533396721,0.785462498664856
737,0,9,0.05,0.95,32,0,0,0.005084057804197073,0.7807091474533081
738,0,9,0.1,0.9,32,0,0,0.0052963742054998875,0.7731810808181763
739,0,9,0.3,0.6,32,0,0,0.005597891751676798,0.7553276419639587
740,0,9,0.3,0.0,16,0,0,0.00551200844347477,0.7646523714065552
741,0,9,0.07,0.9,32,0,0,0.005673796404153109,0.7515067458152771
742,0,9,0.3,0.3,16,0,0,0.0058465199545025826,0.7423866987228394
743,0,9,0.03,0.9,16,0,0,0.00622279429808259,0.7249653339385986
744,0,9,0.3,0.3,32,0,0,0.006184028461575508,0.731833815574646
745,0,9,0.09,0.9,32,0,0,0.005946238525211811,0.737815260887146
746,0,9,0.05,0.9,32,0,0,0.006404493469744921,0.7189610600471497
747,0,9,0.03,0.95,32,0,0,0.006348411552608013,0.7213264107704163
748,0,9,0.1,0.6,16,0,0,0.006511418614536524,0.7135254144668579
749,0,9,0.5,0.0,32,0,0,0.006857483647763729,0.6955809593200684
750,0,9,0.1,0.3,16,0,0,0.006894782651215792,0.6977871060371399
751,0,9,0.09,0.6,16,0,0,0.006811143830418587,0.6987195611000061
752,0,9,0.03,0.9,32,0,0,0.007228486239910126,0.6841638684272766
753,0,9,0.5,0.3,32,0,0,0.006115282885730267,0.7301280498504639
754,0,9,0.01,0.95,16,0,0,0.007032162509858608,0.6843230724334717
755,0,9,0.07,0.6,16,0,0,0.007279814686626196,0.6668106913566589
756,0,9,0.05,0.6,16,0,0,0.008054089732468128,0.638313353061676
757,0,9,0.07,0.6,32,0,0,0.008151360787451267,0.631854236125946
758,0,9,0.1,0.6,32,0,0,0.008269785903394222,0.6233710050582886
759,0,9,0.01,0.9,16,0,0,0.008272343315184116,0.6250312924385071
760,0,9,0.07,0.3,16,0,0,0.008247007615864277,0.6236439347267151
761,0,9,0.09,0.0,16,0,0,0.00836675800383091,0.6143646836280823
762,0,9,0.01,0.95,32,0,0,0.009355468675494194,0.5699015259742737
763,0,9,0.09,0.3,32,0,0,0.009416458196938038,0.5702881813049316
764,0,9,0.05,0.0,16,0,0,0.00970891211181879,0.556164562702179
765,0,9,0.3,0.0,32,0,0,0.007321599870920181,0.6692442297935486
766,0,9,0.1,0.3,32,0,0,0.010132232680916786,0.5329436659812927
767,0,9,0.09,0.0,32,0,0,0.01129510160535574,0.48133912682533264
768,0,9,0.07,0.0,16,0,0,0.011202243156731129,0.4710591435432434
769,0,9,0.03,0.3,16,0,0,0.014366991817951202,0.27362459897994995
770,0,9,0.03,0.6,32,0,0,0.015168199315667152,0.16898269951343536
771,0,9,0.07,0.0,32,0,0,0.015532996505498886,0.1681411862373352
772,0,9,0.05,0.6,32,0,0,0.015826009213924408,0.10666605830192566
773,0,9,0.01,0.3,16,0,0,0.015858272090554237,0.0768723413348198
774,0,9,0.07,0.3,32,0,0,0.01584126055240631,0.07964702695608139
775,0,9,0.03,0.0,32,0,0,0.015860162675380707,0.07732720673084259
776,0,9,0.01,0.9,32,0,0,0.015836050733923912,0.0826946273446083
777,0,9,0.1,0.0,32,0,0,0.015847869217395782,0.0724828839302063
778,0,9,0.1,0.0,16,0,0,0.01580348052084446,0.054902318865060806
779,0,9,0.05,0.3,32,0,0,0.015840165317058563,0.04719233885407448
780,0,9,0.03,0.6,16,0,0,0.015846719965338707,0.04819304496049881
781,0,9,0.09,0.3,16,0,0,0.015769513323903084,0.05101321265101433
782,0,9,0.01,0.6,16,0,0,0.015860337764024734,0.05171825736761093
783,0,9,0.05,0.3,16,0,0,0.015810484066605568,0.050012510269880295
784,0,9,0.05,0.0,32,0,0,0.015849843621253967,0.046259865164756775
785,0,9,0.01,0.6,32,0,0,0.01586265303194523,0.03648024797439575
786,0,9,0.09,0.6,32,0,0,0.015825049951672554,0.04473606497049332
787,0,9,0.03,0.3,32,0,0,0.01585046574473381,0.03550228476524353
788,0,9,0.03,0.0,16,0,0,0.01586005836725235,0.028383633121848106
789,0,9,0.01,0.0,16,0,0,0.015873132273554802,0.026359479874372482
790,0,9,0.01,0.0,32,0,0,0.01586989313364029,0.014805885963141918
791,0,9,0.01,0.3,32,0,0,0.015868470072746277,0.004525916185230017
792,0,10,0.3,0.95,16,0,0,0.0033318737987428904,0.8602651953697205
793,0,10,0.09,0.95,16,0,0,0.0037304507568478584,0.845322847366333
794,0,10,0.5,0.95,32,0,0,0.003482893807813525,0.8549887537956238
795,0,10,0.5,0.9,32,0,0,0.0035564603749662638,0.852782666683197
796,0,10,0.3,0.9,32,0,0,0.003779142163693905,0.8412063121795654
797,0,10,0.3,0.95,32,0,0,0.00354551593773067,0.8527598977088928
798,0,10,0.3,0.9,16,0,0,0.0035443203523755074,0.8534194827079773
799,0,10,0.5,0.9,16,0,0,0.0034456548746675253,0.8548295497894287
800,0,10,0.5,0.95,16,0,0,0.003328168299049139,0.8609247207641602
801,0,10,0.07,0.95,16,0,0,0.004034285433590412,0.8290613889694214
802,0,10,0.5,0.3,16,0,0,0.004533650353550911,0.8102299571037292
803,0,10,0.5,0.6,16,0,0,0.004140576347708702,0.8258318305015564
804,0,10,0.05,0.95,16,0,0,0.0042764246463775635,0.8200550675392151
805,0,10,0.09,0.95,32,0,0,0.00424588518217206,0.8219427466392517
806,0,10,0.1,0.9,16,0,0,0.00407456886023283,0.8263549208641052
807,0,10,0.1,0.95,16,0,0,0.003743851324543357,0.8398644328117371
808,0,10,0.1,0.95,32,0,0,0.004385554231703281,0.8143692016601562
809,0,10,0.09,0.9,16,0,0,0.004135065246373415,0.8233300447463989
810,0,10,0.03,0.95,16,0,0,0.004905746318399906,0.7893743515014648
811,0,10,0.5,0.6,32,0,0,0.004661411512643099,0.8016557097434998
812,0,10,0.07,0.9,16,0,0,0.004714314825832844,0.7985853552818298
813,0,10,0.5,0.0,16,0,0,0.004861847031861544,0.7915576696395874
814,0,10,0.3,0.6,16,0,0,0.004712352529168129,0.7954922914505005
815,0,10,0.07,0.95,32,0,0,0.004877298139035702,0.7884646058082581
816,0,10,0.05,0.9,16,0,0,0.005001384299248457,0.7848029136657715
817,0,10,0.1,0.9,32,0,0,0.005175556987524033,0.7775478363037109
818,0,10,0.05,0.95,32,0,0,0.005197114311158657,0.7797311544418335
819,0,10,0.3,0.6,32,0,0,0.00514875678345561,0.7797311544418335
820,0,10,0.3,0.3,16,0,0,0.005261198617517948,0.7721121907234192
821,0,10,0.09,0.9,32,0,0,0.005261260084807873,0.7768882513046265
822,0,10,0.05,0.9,32,0,0,0.0056680114939808846,0.7561236619949341
823,0,10,0.07,0.9,32,0,0,0.005654636304825544,0.7501876354217529
824,0,10,0.1,0.6,16,0,0,0.005903299897909164,0.7451158761978149
825,0,10,0.03,0.9,16,0,0,0.006082658190280199,0.7316746115684509
826,0,10,0.5,0.3,32,0,0,0.005432006902992725,0.763719916343689
827,0,10,0.03,0.95,32,0,0,0.005953052081167698,0.7362005114555359
828,0,10,0.1,0.3,16,0,0,0.006757345050573349,0.7053833603858948
829,0,10,0.3,0.3,32,0,0,0.00660136342048645,0.7067479491233826
830,0,10,0.09,0.6,16,0,0,0.006268820259720087,0.7212808728218079
831,0,10,0.01,0.95,16,0,0,0.006882268004119396,0.6952853202819824
832,0,10,0.09,0.3,16,0,0,0.007285843603312969,0.679956316947937
833,0,10,0.03,0.9,32,0,0,0.007304607890546322,0.6702677011489868
834,0,10,0.07,0.6,16,0,0,0.0072648245841264725,0.6709727048873901
835,0,10,0.01,0.9,16,0,0,0.007741306442767382,0.65691739320755
836,0,10,0.05,0.6,16,0,0,0.0076314834877848625,0.6578953266143799
837,0,10,0.3,0.0,16,0,0,0.005921888630837202,0.7419090867042542
838,0,10,0.09,0.6,32,0,0,0.008069715462625027,0.6355386972427368
839,0,10,0.1,0.6,32,0,0,0.008015226572751999,0.6403830051422119
840,0,10,0.3,0.0,32,0,0,0.007483221124857664,0.6598285436630249
841,0,10,0.07,0.3,16,0,0,0.008432620204985142,0.6151379346847534
842,0,10,0.1,0.0,16,0,0,0.00910270307213068,0.5888239145278931
843,0,10,0.05,0.3,16,0,0,0.008920104242861271,0.5933725833892822
844,0,10,0.09,0.0,16,0,0,0.009776252321898937,0.5540722012519836
845,0,10,0.03,0.6,32,0,0,0.01090666651725769,0.49453023076057434
846,0,10,0.05,0.6,32,0,0,0.011508683674037457,0.45354682207107544
847,0,10,0.5,0.0,32,0,0,0.006086092907935381,0.7308103442192078
848,0,10,0.07,0.0,16,0,0,0.015476644039154053,0.19725261628627777
849,0,10,0.01,0.3,16,0,0,0.015846187248826027,0.0956583023071289
850,0,10,0.07,0.0,32,0,0,0.01581794209778309,0.09515795111656189
851,0,10,0.01,0.95,32,0,0,0.01583416573703289,0.07307421416044235
852,0,10,0.03,0.0,16,0,0,0.01585344411432743,0.06629671156406403
853,0,10,0.05,0.0,32,0,0,0.01584550552070141,0.06697900593280792
854,0,10,0.07,0.3,32,0,0,0.015827808529138565,0.06418158113956451
855,0,10,0.1,0.3,32,0,0,0.01579277403652668,0.051149673759937286
856,0,10,0.05,0.3,32,0,0,0.01585446111857891,0.05924628674983978
857,0,10,0.01,0.6,16,0,0,0.015856456011533737,0.06170256435871124
858,0,10,0.03,0.3,32,0,0,0.01585317775607109,0.04926197975873947
859,0,10,0.01,0.9,32,0,0,0.015800723806023598,0.055107008665800095
860,0,10,0.01,0.0,16,0,0,0.015855908393859863,0.05444745346903801
861,0,10,0.05,0.0,16,0,0,0.01581929251551628,0.04914826527237892
862,0,10,0.09,0.3,32,0,0,0.01582697406411171,0.048693396151065826
863,0,10,0.1,0.0,32,0,0,0.015815939754247665,0.04719233885407448
864,0,10,0.03,0.6,16,0,0,0.015832267701625824,0.04728331416845322
865,0,10,0.07,0.6,32,0,0,0.015722479671239853,0.050171710550785065
866,0,10,0.03,0.3,16,0,0,0.01585628278553486,0.037480954080820084
867,0,10,0.09,0.0,32,0,0,0.015793194994330406,0.03645750507712364
868,0,10,0.03,0.0,32,0,0,0.015861274674534798,0.021879050880670547
869,0,10,0.01,0.3,32,0,0,0.01586768962442875,0.014669425785541534
870,0,10,0.01,0.6,32,0,0,0.015866750851273537,0.011098728515207767
871,0,10,0.01,0.0,32,0,0,0.015873046591877937,0.005412904545664787
